date,lie,explanation,url
2017-01-21,I wasn't a fan of Iraq. I didn't want to go into Iraq.,He was for an invasion before he was against it.,https://www.buzzfeed.com/andrewkaczynski/in-2002-donald-trump-said-he-supported-invading-iraq-on-the
2017-01-21,I wasn't a fan of Iraq. I didn't want to go into Iraq.,He was for an invasion before he was against it.,https://www.buzzfeed.com/andrewkaczynski/in-2002-donald-trump-said-he-supported-invading-iraq-on-the
2017-01-21,I wasn't a fan of Iraq. I didn't want to go into Iraq.,He was for an invasion before he was against it.,https://www.buzzfeed.com/andrewkaczynski/in-2002-donald-trump-said-he-supported-invading-iraq-on-the
2017-01-21,I wasn't a fan of Iraq. I didn't want to go into Iraq.,He was for an invasion before he was against it.,https://www.buzzfeed.com/andrewkaczynski/in-2002-donald-trump-said-he-supported-invading-iraq-on-the
2017-01-21,I wasn't a fan of Iraq. I didn't want to go into Iraq.,He was for an invasion before he was against it.,https://www.buzzfeed.com/andrewkaczynski/in-2002-donald-trump-said-he-supported-invading-iraq-on-the
2017-01-21,I wasn't a fan of Iraq. I didn't want to go into Iraq.,He was for an invasion before he was against it.,https://www.buzzfeed.com/andrewkaczynski/in-2002-donald-trump-said-he-supported-invading-iraq-on-the
2017-01-21,I wasn't a fan of Iraq. I didn't want to go into Iraq.,He was for an invasion before he was against it.,https://www.buzzfeed.com/andrewkaczynski/in-2002-donald-trump-said-he-supported-invading-iraq-on-the
2017-01-21,I wasn't a fan of Iraq. I didn't want to go into Iraq.,He was for an invasion before he was against it.,https://www.buzzfeed.com/andrewkaczynski/in-2002-donald-trump-said-he-supported-invading-iraq-on-the
2017-01-21,I wasn't a fan of Iraq. I didn't want to go into Iraq.,He was for an invasion before he was against it.,https://www.buzzfeed.com/andrewkaczynski/in-2002-donald-trump-said-he-supported-invading-iraq-on-the
2017-01-21,I wasn't a fan of Iraq. I didn't want to go into Iraq.,He was for an invasion before he was against it.,https://www.buzzfeed.com/andrewkaczynski/in-2002-donald-trump-said-he-supported-invading-iraq-on-the
2017-01-21,I wasn't a fan of Iraq. I didn't want to go into Iraq.,He was for an invasion before he was against it.,https://www.buzzfeed.com/andrewkaczynski/in-2002-donald-trump-said-he-supported-invading-iraq-on-the
2017-01-21,I wasn't a fan of Iraq. I didn't want to go into Iraq.,He was for an invasion before he was against it.,https://www.buzzfeed.com/andrewkaczynski/in-2002-donald-trump-said-he-supported-invading-iraq-on-the
2017-01-21,I wasn't a fan of Iraq. I didn't want to go into Iraq.,He was for an invasion before he was against it.,https://www.buzzfeed.com/andrewkaczynski/in-2002-donald-trump-said-he-supported-invading-iraq-on-the
2017-01-21,I wasn't a fan of Iraq. I didn't want to go into Iraq.,He was for an invasion before he was against it.,https://www.buzzfeed.com/andrewkaczynski/in-2002-donald-trump-said-he-supported-invading-iraq-on-the
2017-01-21,I wasn't a fan of Iraq. I didn't want to go into Iraq.,He was for an invasion before he was against it.,https://www.buzzfeed.com/andrewkaczynski/in-2002-donald-trump-said-he-supported-invading-iraq-on-the
2017-01-21,I wasn't a fan of Iraq. I didn't want to go into Iraq.,He was for an invasion before he was against it.,https://www.buzzfeed.com/andrewkaczynski/in-2002-donald-trump-said-he-supported-invading-iraq-on-the
2017-01-21,I wasn't a fan of Iraq. I didn't want to go into Iraq.,He was for an invasion before he was against it.,https://www.buzzfeed.com/andrewkaczynski/in-2002-donald-trump-said-he-supported-invading-iraq-on-the
2017-01-21,I wasn't a fan of Iraq. I didn't want to go into Iraq.,He was for an invasion before he was against it.,https://www.buzzfeed.com/andrewkaczynski/in-2002-donald-trump-said-he-supported-invading-iraq-on-the
2017-01-21,I wasn't a fan of Iraq. I didn't want to go into Iraq.,He was for an invasion before he was against it.,https://www.buzzfeed.com/andrewkaczynski/in-2002-donald-trump-said-he-supported-invading-iraq-on-the
2017-01-21,I wasn't a fan of Iraq. I didn't want to go into Iraq.,He was for an invasion before he was against it.,https://www.buzzfeed.com/andrewkaczynski/in-2002-donald-trump-said-he-supported-invading-iraq-on-the
2017-01-21,I wasn't a fan of Iraq. I didn't want to go into Iraq.,He was for an invasion before he was against it.,https://www.buzzfeed.com/andrewkaczynski/in-2002-donald-trump-said-he-supported-invading-iraq-on-the
2017-01-21,I wasn't a fan of Iraq. I didn't want to go into Iraq.,He was for an invasion before he was against it.,https://www.buzzfeed.com/andrewkaczynski/in-2002-donald-trump-said-he-supported-invading-iraq-on-the
2017-01-21,I wasn't a fan of Iraq. I didn't want to go into Iraq.,He was for an invasion before he was against it.,https://www.buzzfeed.com/andrewkaczynski/in-2002-donald-trump-said-he-supported-invading-iraq-on-the
2017-01-21,I wasn't a fan of Iraq. I didn't want to go into Iraq.,He was for an invasion before he was against it.,https://www.buzzfeed.com/andrewkaczynski/in-2002-donald-trump-said-he-supported-invading-iraq-on-the
2017-01-21,I wasn't a fan of Iraq. I didn't want to go into Iraq.,He was for an invasion before he was against it.,https://www.buzzfeed.com/andrewkaczynski/in-2002-donald-trump-said-he-supported-invading-iraq-on-the
2017-01-21,I wasn't a fan of Iraq. I didn't want to go into Iraq.,He was for an invasion before he was against it.,https://www.buzzfeed.com/andrewkaczynski/in-2002-donald-trump-said-he-supported-invading-iraq-on-the
2017-01-21,I wasn't a fan of Iraq. I didn't want to go into Iraq.,He was for an invasion before he was against it.,https://www.buzzfeed.com/andrewkaczynski/in-2002-donald-trump-said-he-supported-invading-iraq-on-the
2017-01-21,I wasn't a fan of Iraq. I didn't want to go into Iraq.,He was for an invasion before he was against it.,https://www.buzzfeed.com/andrewkaczynski/in-2002-donald-trump-said-he-supported-invading-iraq-on-the
2017-01-21,I wasn't a fan of Iraq. I didn't want to go into Iraq.,He was for an invasion before he was against it.,https://www.buzzfeed.com/andrewkaczynski/in-2002-donald-trump-said-he-supported-invading-iraq-on-the
2017-01-21,I wasn't a fan of Iraq. I didn't want to go into Iraq.,He was for an invasion before he was against it.,https://www.buzzfeed.com/andrewkaczynski/in-2002-donald-trump-said-he-supported-invading-iraq-on-the
2017-01-21,I wasn't a fan of Iraq. I didn't want to go into Iraq.,He was for an invasion before he was against it.,https://www.buzzfeed.com/andrewkaczynski/in-2002-donald-trump-said-he-supported-invading-iraq-on-the
2017-01-21,I wasn't a fan of Iraq. I didn't want to go into Iraq.,He was for an invasion before he was against it.,https://www.buzzfeed.com/andrewkaczynski/in-2002-donald-trump-said-he-supported-invading-iraq-on-the
2017-01-21,I wasn't a fan of Iraq. I didn't want to go into Iraq.,He was for an invasion before he was against it.,https://www.buzzfeed.com/andrewkaczynski/in-2002-donald-trump-said-he-supported-invading-iraq-on-the
2017-01-21,I wasn't a fan of Iraq. I didn't want to go into Iraq.,He was for an invasion before he was against it.,https://www.buzzfeed.com/andrewkaczynski/in-2002-donald-trump-said-he-supported-invading-iraq-on-the
2017-01-21,I wasn't a fan of Iraq. I didn't want to go into Iraq.,He was for an invasion before he was against it.,https://www.buzzfeed.com/andrewkaczynski/in-2002-donald-trump-said-he-supported-invading-iraq-on-the
2017-01-21,I wasn't a fan of Iraq. I didn't want to go into Iraq.,He was for an invasion before he was against it.,https://www.buzzfeed.com/andrewkaczynski/in-2002-donald-trump-said-he-supported-invading-iraq-on-the
2017-01-21,I wasn't a fan of Iraq. I didn't want to go into Iraq.,He was for an invasion before he was against it.,https://www.buzzfeed.com/andrewkaczynski/in-2002-donald-trump-said-he-supported-invading-iraq-on-the
2017-01-21,I wasn't a fan of Iraq. I didn't want to go into Iraq.,He was for an invasion before he was against it.,https://www.buzzfeed.com/andrewkaczynski/in-2002-donald-trump-said-he-supported-invading-iraq-on-the
2017-01-21,I wasn't a fan of Iraq. I didn't want to go into Iraq.,He was for an invasion before he was against it.,https://www.buzzfeed.com/andrewkaczynski/in-2002-donald-trump-said-he-supported-invading-iraq-on-the
2017-01-21,I wasn't a fan of Iraq. I didn't want to go into Iraq.,He was for an invasion before he was against it.,https://www.buzzfeed.com/andrewkaczynski/in-2002-donald-trump-said-he-supported-invading-iraq-on-the
2017-01-21,I wasn't a fan of Iraq. I didn't want to go into Iraq.,He was for an invasion before he was against it.,https://www.buzzfeed.com/andrewkaczynski/in-2002-donald-trump-said-he-supported-invading-iraq-on-the
2017-01-21,I wasn't a fan of Iraq. I didn't want to go into Iraq.,He was for an invasion before he was against it.,https://www.buzzfeed.com/andrewkaczynski/in-2002-donald-trump-said-he-supported-invading-iraq-on-the
2017-01-21,I wasn't a fan of Iraq. I didn't want to go into Iraq.,He was for an invasion before he was against it.,https://www.buzzfeed.com/andrewkaczynski/in-2002-donald-trump-said-he-supported-invading-iraq-on-the
2017-01-21,I wasn't a fan of Iraq. I didn't want to go into Iraq.,He was for an invasion before he was against it.,https://www.buzzfeed.com/andrewkaczynski/in-2002-donald-trump-said-he-supported-invading-iraq-on-the
2017-01-21,I wasn't a fan of Iraq. I didn't want to go into Iraq.,He was for an invasion before he was against it.,https://www.buzzfeed.com/andrewkaczynski/in-2002-donald-trump-said-he-supported-invading-iraq-on-the
2017-01-21,I wasn't a fan of Iraq. I didn't want to go into Iraq.,He was for an invasion before he was against it.,https://www.buzzfeed.com/andrewkaczynski/in-2002-donald-trump-said-he-supported-invading-iraq-on-the
2017-01-21,I wasn't a fan of Iraq. I didn't want to go into Iraq.,He was for an invasion before he was against it.,https://www.buzzfeed.com/andrewkaczynski/in-2002-donald-trump-said-he-supported-invading-iraq-on-the
2017-01-21,I wasn't a fan of Iraq. I didn't want to go into Iraq.,He was for an invasion before he was against it.,https://www.buzzfeed.com/andrewkaczynski/in-2002-donald-trump-said-he-supported-invading-iraq-on-the
2017-01-21,I wasn't a fan of Iraq. I didn't want to go into Iraq.,He was for an invasion before he was against it.,https://www.buzzfeed.com/andrewkaczynski/in-2002-donald-trump-said-he-supported-invading-iraq-on-the
2017-01-21,I wasn't a fan of Iraq. I didn't want to go into Iraq.,He was for an invasion before he was against it.,https://www.buzzfeed.com/andrewkaczynski/in-2002-donald-trump-said-he-supported-invading-iraq-on-the
2017-01-21,I wasn't a fan of Iraq. I didn't want to go into Iraq.,He was for an invasion before he was against it.,https://www.buzzfeed.com/andrewkaczynski/in-2002-donald-trump-said-he-supported-invading-iraq-on-the
2017-01-21,I wasn't a fan of Iraq. I didn't want to go into Iraq.,He was for an invasion before he was against it.,https://www.buzzfeed.com/andrewkaczynski/in-2002-donald-trump-said-he-supported-invading-iraq-on-the
2017-01-21,I wasn't a fan of Iraq. I didn't want to go into Iraq.,He was for an invasion before he was against it.,https://www.buzzfeed.com/andrewkaczynski/in-2002-donald-trump-said-he-supported-invading-iraq-on-the
2017-01-21,I wasn't a fan of Iraq. I didn't want to go into Iraq.,He was for an invasion before he was against it.,https://www.buzzfeed.com/andrewkaczynski/in-2002-donald-trump-said-he-supported-invading-iraq-on-the
2017-01-21,I wasn't a fan of Iraq. I didn't want to go into Iraq.,He was for an invasion before he was against it.,https://www.buzzfeed.com/andrewkaczynski/in-2002-donald-trump-said-he-supported-invading-iraq-on-the
2017-01-21,I wasn't a fan of Iraq. I didn't want to go into Iraq.,He was for an invasion before he was against it.,https://www.buzzfeed.com/andrewkaczynski/in-2002-donald-trump-said-he-supported-invading-iraq-on-the
2017-01-21,I wasn't a fan of Iraq. I didn't want to go into Iraq.,He was for an invasion before he was against it.,https://www.buzzfeed.com/andrewkaczynski/in-2002-donald-trump-said-he-supported-invading-iraq-on-the
2017-01-21,I wasn't a fan of Iraq. I didn't want to go into Iraq.,He was for an invasion before he was against it.,https://www.buzzfeed.com/andrewkaczynski/in-2002-donald-trump-said-he-supported-invading-iraq-on-the
2017-01-21,I wasn't a fan of Iraq. I didn't want to go into Iraq.,He was for an invasion before he was against it.,https://www.buzzfeed.com/andrewkaczynski/in-2002-donald-trump-said-he-supported-invading-iraq-on-the
2017-01-21,I wasn't a fan of Iraq. I didn't want to go into Iraq.,He was for an invasion before he was against it.,https://www.buzzfeed.com/andrewkaczynski/in-2002-donald-trump-said-he-supported-invading-iraq-on-the
2017-01-21,I wasn't a fan of Iraq. I didn't want to go into Iraq.,He was for an invasion before he was against it.,https://www.buzzfeed.com/andrewkaczynski/in-2002-donald-trump-said-he-supported-invading-iraq-on-the
2017-01-21,I wasn't a fan of Iraq. I didn't want to go into Iraq.,He was for an invasion before he was against it.,https://www.buzzfeed.com/andrewkaczynski/in-2002-donald-trump-said-he-supported-invading-iraq-on-the
2017-01-21,I wasn't a fan of Iraq. I didn't want to go into Iraq.,He was for an invasion before he was against it.,https://www.buzzfeed.com/andrewkaczynski/in-2002-donald-trump-said-he-supported-invading-iraq-on-the
2017-01-21,I wasn't a fan of Iraq. I didn't want to go into Iraq.,He was for an invasion before he was against it.,https://www.buzzfeed.com/andrewkaczynski/in-2002-donald-trump-said-he-supported-invading-iraq-on-the
2017-01-21,I wasn't a fan of Iraq. I didn't want to go into Iraq.,He was for an invasion before he was against it.,https://www.buzzfeed.com/andrewkaczynski/in-2002-donald-trump-said-he-supported-invading-iraq-on-the
2017-01-21,I wasn't a fan of Iraq. I didn't want to go into Iraq.,He was for an invasion before he was against it.,https://www.buzzfeed.com/andrewkaczynski/in-2002-donald-trump-said-he-supported-invading-iraq-on-the
2017-01-21,I wasn't a fan of Iraq. I didn't want to go into Iraq.,He was for an invasion before he was against it.,https://www.buzzfeed.com/andrewkaczynski/in-2002-donald-trump-said-he-supported-invading-iraq-on-the
2017-01-21,I wasn't a fan of Iraq. I didn't want to go into Iraq.,He was for an invasion before he was against it.,https://www.buzzfeed.com/andrewkaczynski/in-2002-donald-trump-said-he-supported-invading-iraq-on-the
2017-01-21,I wasn't a fan of Iraq. I didn't want to go into Iraq.,He was for an invasion before he was against it.,https://www.buzzfeed.com/andrewkaczynski/in-2002-donald-trump-said-he-supported-invading-iraq-on-the
2017-01-21,I wasn't a fan of Iraq. I didn't want to go into Iraq.,He was for an invasion before he was against it.,https://www.buzzfeed.com/andrewkaczynski/in-2002-donald-trump-said-he-supported-invading-iraq-on-the
2017-01-21,I wasn't a fan of Iraq. I didn't want to go into Iraq.,He was for an invasion before he was against it.,https://www.buzzfeed.com/andrewkaczynski/in-2002-donald-trump-said-he-supported-invading-iraq-on-the
2017-01-21,I wasn't a fan of Iraq. I didn't want to go into Iraq.,He was for an invasion before he was against it.,https://www.buzzfeed.com/andrewkaczynski/in-2002-donald-trump-said-he-supported-invading-iraq-on-the
2017-01-21,I wasn't a fan of Iraq. I didn't want to go into Iraq.,He was for an invasion before he was against it.,https://www.buzzfeed.com/andrewkaczynski/in-2002-donald-trump-said-he-supported-invading-iraq-on-the
2017-01-21,I wasn't a fan of Iraq. I didn't want to go into Iraq.,He was for an invasion before he was against it.,https://www.buzzfeed.com/andrewkaczynski/in-2002-donald-trump-said-he-supported-invading-iraq-on-the
2017-01-21,I wasn't a fan of Iraq. I didn't want to go into Iraq.,He was for an invasion before he was against it.,https://www.buzzfeed.com/andrewkaczynski/in-2002-donald-trump-said-he-supported-invading-iraq-on-the
2017-01-21,I wasn't a fan of Iraq. I didn't want to go into Iraq.,He was for an invasion before he was against it.,https://www.buzzfeed.com/andrewkaczynski/in-2002-donald-trump-said-he-supported-invading-iraq-on-the
2017-01-21,I wasn't a fan of Iraq. I didn't want to go into Iraq.,He was for an invasion before he was against it.,https://www.buzzfeed.com/andrewkaczynski/in-2002-donald-trump-said-he-supported-invading-iraq-on-the
2017-01-21,I wasn't a fan of Iraq. I didn't want to go into Iraq.,He was for an invasion before he was against it.,https://www.buzzfeed.com/andrewkaczynski/in-2002-donald-trump-said-he-supported-invading-iraq-on-the
2017-01-21,I wasn't a fan of Iraq. I didn't want to go into Iraq.,He was for an invasion before he was against it.,https://www.buzzfeed.com/andrewkaczynski/in-2002-donald-trump-said-he-supported-invading-iraq-on-the
2017-01-21,I wasn't a fan of Iraq. I didn't want to go into Iraq.,He was for an invasion before he was against it.,https://www.buzzfeed.com/andrewkaczynski/in-2002-donald-trump-said-he-supported-invading-iraq-on-the
2017-01-21,I wasn't a fan of Iraq. I didn't want to go into Iraq.,He was for an invasion before he was against it.,https://www.buzzfeed.com/andrewkaczynski/in-2002-donald-trump-said-he-supported-invading-iraq-on-the
2017-01-21,I wasn't a fan of Iraq. I didn't want to go into Iraq.,He was for an invasion before he was against it.,https://www.buzzfeed.com/andrewkaczynski/in-2002-donald-trump-said-he-supported-invading-iraq-on-the
2017-01-21,I wasn't a fan of Iraq. I didn't want to go into Iraq.,He was for an invasion before he was against it.,https://www.buzzfeed.com/andrewkaczynski/in-2002-donald-trump-said-he-supported-invading-iraq-on-the
2017-01-21,I wasn't a fan of Iraq. I didn't want to go into Iraq.,He was for an invasion before he was against it.,https://www.buzzfeed.com/andrewkaczynski/in-2002-donald-trump-said-he-supported-invading-iraq-on-the
2017-01-21,I wasn't a fan of Iraq. I didn't want to go into Iraq.,He was for an invasion before he was against it.,https://www.buzzfeed.com/andrewkaczynski/in-2002-donald-trump-said-he-supported-invading-iraq-on-the
2017-01-21,I wasn't a fan of Iraq. I didn't want to go into Iraq.,He was for an invasion before he was against it.,https://www.buzzfeed.com/andrewkaczynski/in-2002-donald-trump-said-he-supported-invading-iraq-on-the
2017-01-21,I wasn't a fan of Iraq. I didn't want to go into Iraq.,He was for an invasion before he was against it.,https://www.buzzfeed.com/andrewkaczynski/in-2002-donald-trump-said-he-supported-invading-iraq-on-the
2017-01-21,I wasn't a fan of Iraq. I didn't want to go into Iraq.,He was for an invasion before he was against it.,https://www.buzzfeed.com/andrewkaczynski/in-2002-donald-trump-said-he-supported-invading-iraq-on-the
2017-01-21,I wasn't a fan of Iraq. I didn't want to go into Iraq.,He was for an invasion before he was against it.,https://www.buzzfeed.com/andrewkaczynski/in-2002-donald-trump-said-he-supported-invading-iraq-on-the
2017-01-21,I wasn't a fan of Iraq. I didn't want to go into Iraq.,He was for an invasion before he was against it.,https://www.buzzfeed.com/andrewkaczynski/in-2002-donald-trump-said-he-supported-invading-iraq-on-the
2017-01-21,I wasn't a fan of Iraq. I didn't want to go into Iraq.,He was for an invasion before he was against it.,https://www.buzzfeed.com/andrewkaczynski/in-2002-donald-trump-said-he-supported-invading-iraq-on-the
2017-01-21,I wasn't a fan of Iraq. I didn't want to go into Iraq.,He was for an invasion before he was against it.,https://www.buzzfeed.com/andrewkaczynski/in-2002-donald-trump-said-he-supported-invading-iraq-on-the
2017-01-21,I wasn't a fan of Iraq. I didn't want to go into Iraq.,He was for an invasion before he was against it.,https://www.buzzfeed.com/andrewkaczynski/in-2002-donald-trump-said-he-supported-invading-iraq-on-the
2017-01-21,I wasn't a fan of Iraq. I didn't want to go into Iraq.,He was for an invasion before he was against it.,https://www.buzzfeed.com/andrewkaczynski/in-2002-donald-trump-said-he-supported-invading-iraq-on-the
2017-01-21,I wasn't a fan of Iraq. I didn't want to go into Iraq.,He was for an invasion before he was against it.,https://www.buzzfeed.com/andrewkaczynski/in-2002-donald-trump-said-he-supported-invading-iraq-on-the
2017-01-21,I wasn't a fan of Iraq. I didn't want to go into Iraq.,He was for an invasion before he was against it.,https://www.buzzfeed.com/andrewkaczynski/in-2002-donald-trump-said-he-supported-invading-iraq-on-the
2017-01-21,I wasn't a fan of Iraq. I didn't want to go into Iraq.,He was for an invasion before he was against it.,https://www.buzzfeed.com/andrewkaczynski/in-2002-donald-trump-said-he-supported-invading-iraq-on-the
2017-01-21,I wasn't a fan of Iraq. I didn't want to go into Iraq.,He was for an invasion before he was against it.,https://www.buzzfeed.com/andrewkaczynski/in-2002-donald-trump-said-he-supported-invading-iraq-on-the
2017-01-21,I wasn't a fan of Iraq. I didn't want to go into Iraq.,He was for an invasion before he was against it.,https://www.buzzfeed.com/andrewkaczynski/in-2002-donald-trump-said-he-supported-invading-iraq-on-the
2017-01-21,I wasn't a fan of Iraq. I didn't want to go into Iraq.,He was for an invasion before he was against it.,https://www.buzzfeed.com/andrewkaczynski/in-2002-donald-trump-said-he-supported-invading-iraq-on-the
2017-01-21,I wasn't a fan of Iraq. I didn't want to go into Iraq.,He was for an invasion before he was against it.,https://www.buzzfeed.com/andrewkaczynski/in-2002-donald-trump-said-he-supported-invading-iraq-on-the
2017-01-21,I wasn't a fan of Iraq. I didn't want to go into Iraq.,He was for an invasion before he was against it.,https://www.buzzfeed.com/andrewkaczynski/in-2002-donald-trump-said-he-supported-invading-iraq-on-the
2017-01-21,I wasn't a fan of Iraq. I didn't want to go into Iraq.,He was for an invasion before he was against it.,https://www.buzzfeed.com/andrewkaczynski/in-2002-donald-trump-said-he-supported-invading-iraq-on-the
2017-01-21,I wasn't a fan of Iraq. I didn't want to go into Iraq.,He was for an invasion before he was against it.,https://www.buzzfeed.com/andrewkaczynski/in-2002-donald-trump-said-he-supported-invading-iraq-on-the
2017-01-21,I wasn't a fan of Iraq. I didn't want to go into Iraq.,He was for an invasion before he was against it.,https://www.buzzfeed.com/andrewkaczynski/in-2002-donald-trump-said-he-supported-invading-iraq-on-the
2017-01-21,I wasn't a fan of Iraq. I didn't want to go into Iraq.,He was for an invasion before he was against it.,https://www.buzzfeed.com/andrewkaczynski/in-2002-donald-trump-said-he-supported-invading-iraq-on-the
2017-01-21,I wasn't a fan of Iraq. I didn't want to go into Iraq.,He was for an invasion before he was against it.,https://www.buzzfeed.com/andrewkaczynski/in-2002-donald-trump-said-he-supported-invading-iraq-on-the
2017-01-21,I wasn't a fan of Iraq. I didn't want to go into Iraq.,He was for an invasion before he was against it.,https://www.buzzfeed.com/andrewkaczynski/in-2002-donald-trump-said-he-supported-invading-iraq-on-the
2017-01-21,I wasn't a fan of Iraq. I didn't want to go into Iraq.,He was for an invasion before he was against it.,https://www.buzzfeed.com/andrewkaczynski/in-2002-donald-trump-said-he-supported-invading-iraq-on-the
2017-01-21,I wasn't a fan of Iraq. I didn't want to go into Iraq.,He was for an invasion before he was against it.,https://www.buzzfeed.com/andrewkaczynski/in-2002-donald-trump-said-he-supported-invading-iraq-on-the
2017-01-21,I wasn't a fan of Iraq. I didn't want to go into Iraq.,He was for an invasion before he was against it.,https://www.buzzfeed.com/andrewkaczynski/in-2002-donald-trump-said-he-supported-invading-iraq-on-the
2017-01-21,I wasn't a fan of Iraq. I didn't want to go into Iraq.,He was for an invasion before he was against it.,https://www.buzzfeed.com/andrewkaczynski/in-2002-donald-trump-said-he-supported-invading-iraq-on-the
2017-01-21,I wasn't a fan of Iraq. I didn't want to go into Iraq.,He was for an invasion before he was against it.,https://www.buzzfeed.com/andrewkaczynski/in-2002-donald-trump-said-he-supported-invading-iraq-on-the
2017-01-21,I wasn't a fan of Iraq. I didn't want to go into Iraq.,He was for an invasion before he was against it.,https://www.buzzfeed.com/andrewkaczynski/in-2002-donald-trump-said-he-supported-invading-iraq-on-the
2017-01-21,I wasn't a fan of Iraq. I didn't want to go into Iraq.,He was for an invasion before he was against it.,https://www.buzzfeed.com/andrewkaczynski/in-2002-donald-trump-said-he-supported-invading-iraq-on-the
2017-01-21,I wasn't a fan of Iraq. I didn't want to go into Iraq.,He was for an invasion before he was against it.,https://www.buzzfeed.com/andrewkaczynski/in-2002-donald-trump-said-he-supported-invading-iraq-on-the
2017-01-21,I wasn't a fan of Iraq. I didn't want to go into Iraq.,He was for an invasion before he was against it.,https://www.buzzfeed.com/andrewkaczynski/in-2002-donald-trump-said-he-supported-invading-iraq-on-the
2017-01-21,I wasn't a fan of Iraq. I didn't want to go into Iraq.,He was for an invasion before he was against it.,https://www.buzzfeed.com/andrewkaczynski/in-2002-donald-trump-said-he-supported-invading-iraq-on-the
2017-01-21,I wasn't a fan of Iraq. I didn't want to go into Iraq.,He was for an invasion before he was against it.,https://www.buzzfeed.com/andrewkaczynski/in-2002-donald-trump-said-he-supported-invading-iraq-on-the
2017-01-21,I wasn't a fan of Iraq. I didn't want to go into Iraq.,He was for an invasion before he was against it.,https://www.buzzfeed.com/andrewkaczynski/in-2002-donald-trump-said-he-supported-invading-iraq-on-the
2017-01-21,I wasn't a fan of Iraq. I didn't want to go into Iraq.,He was for an invasion before he was against it.,https://www.buzzfeed.com/andrewkaczynski/in-2002-donald-trump-said-he-supported-invading-iraq-on-the
2017-01-21,I wasn't a fan of Iraq. I didn't want to go into Iraq.,He was for an invasion before he was against it.,https://www.buzzfeed.com/andrewkaczynski/in-2002-donald-trump-said-he-supported-invading-iraq-on-the
2017-01-21,I wasn't a fan of Iraq. I didn't want to go into Iraq.,He was for an invasion before he was against it.,https://www.buzzfeed.com/andrewkaczynski/in-2002-donald-trump-said-he-supported-invading-iraq-on-the
2017-01-21,I wasn't a fan of Iraq. I didn't want to go into Iraq.,He was for an invasion before he was against it.,https://www.buzzfeed.com/andrewkaczynski/in-2002-donald-trump-said-he-supported-invading-iraq-on-the
2017-01-21,I wasn't a fan of Iraq. I didn't want to go into Iraq.,He was for an invasion before he was against it.,https://www.buzzfeed.com/andrewkaczynski/in-2002-donald-trump-said-he-supported-invading-iraq-on-the
2017-01-21,I wasn't a fan of Iraq. I didn't want to go into Iraq.,He was for an invasion before he was against it.,https://www.buzzfeed.com/andrewkaczynski/in-2002-donald-trump-said-he-supported-invading-iraq-on-the
2017-01-21,I wasn't a fan of Iraq. I didn't want to go into Iraq.,He was for an invasion before he was against it.,https://www.buzzfeed.com/andrewkaczynski/in-2002-donald-trump-said-he-supported-invading-iraq-on-the
2017-01-21,I wasn't a fan of Iraq. I didn't want to go into Iraq.,He was for an invasion before he was against it.,https://www.buzzfeed.com/andrewkaczynski/in-2002-donald-trump-said-he-supported-invading-iraq-on-the
2017-01-21,I wasn't a fan of Iraq. I didn't want to go into Iraq.,He was for an invasion before he was against it.,https://www.buzzfeed.com/andrewkaczynski/in-2002-donald-trump-said-he-supported-invading-iraq-on-the
2017-01-21,I wasn't a fan of Iraq. I didn't want to go into Iraq.,He was for an invasion before he was against it.,https://www.buzzfeed.com/andrewkaczynski/in-2002-donald-trump-said-he-supported-invading-iraq-on-the
2017-01-21,I wasn't a fan of Iraq. I didn't want to go into Iraq.,He was for an invasion before he was against it.,https://www.buzzfeed.com/andrewkaczynski/in-2002-donald-trump-said-he-supported-invading-iraq-on-the
2017-01-21,I wasn't a fan of Iraq. I didn't want to go into Iraq.,He was for an invasion before he was against it.,https://www.buzzfeed.com/andrewkaczynski/in-2002-donald-trump-said-he-supported-invading-iraq-on-the
2017-01-21,I wasn't a fan of Iraq. I didn't want to go into Iraq.,He was for an invasion before he was against it.,https://www.buzzfeed.com/andrewkaczynski/in-2002-donald-trump-said-he-supported-invading-iraq-on-the
2017-01-21,I wasn't a fan of Iraq. I didn't want to go into Iraq.,He was for an invasion before he was against it.,https://www.buzzfeed.com/andrewkaczynski/in-2002-donald-trump-said-he-supported-invading-iraq-on-the
2017-01-21,I wasn't a fan of Iraq. I didn't want to go into Iraq.,He was for an invasion before he was against it.,https://www.buzzfeed.com/andrewkaczynski/in-2002-donald-trump-said-he-supported-invading-iraq-on-the
2017-01-21,I wasn't a fan of Iraq. I didn't want to go into Iraq.,He was for an invasion before he was against it.,https://www.buzzfeed.com/andrewkaczynski/in-2002-donald-trump-said-he-supported-invading-iraq-on-the
2017-01-21,I wasn't a fan of Iraq. I didn't want to go into Iraq.,He was for an invasion before he was against it.,https://www.buzzfeed.com/andrewkaczynski/in-2002-donald-trump-said-he-supported-invading-iraq-on-the
2017-01-21,I wasn't a fan of Iraq. I didn't want to go into Iraq.,He was for an invasion before he was against it.,https://www.buzzfeed.com/andrewkaczynski/in-2002-donald-trump-said-he-supported-invading-iraq-on-the
2017-01-21,I wasn't a fan of Iraq. I didn't want to go into Iraq.,He was for an invasion before he was against it.,https://www.buzzfeed.com/andrewkaczynski/in-2002-donald-trump-said-he-supported-invading-iraq-on-the
2017-01-21,I wasn't a fan of Iraq. I didn't want to go into Iraq.,He was for an invasion before he was against it.,https://www.buzzfeed.com/andrewkaczynski/in-2002-donald-trump-said-he-supported-invading-iraq-on-the
2017-01-21,I wasn't a fan of Iraq. I didn't want to go into Iraq.,He was for an invasion before he was against it.,https://www.buzzfeed.com/andrewkaczynski/in-2002-donald-trump-said-he-supported-invading-iraq-on-the
2017-01-21,I wasn't a fan of Iraq. I didn't want to go into Iraq.,He was for an invasion before he was against it.,https://www.buzzfeed.com/andrewkaczynski/in-2002-donald-trump-said-he-supported-invading-iraq-on-the
2017-01-21,I wasn't a fan of Iraq. I didn't want to go into Iraq.,He was for an invasion before he was against it.,https://www.buzzfeed.com/andrewkaczynski/in-2002-donald-trump-said-he-supported-invading-iraq-on-the
2017-01-21,I wasn't a fan of Iraq. I didn't want to go into Iraq.,He was for an invasion before he was against it.,https://www.buzzfeed.com/andrewkaczynski/in-2002-donald-trump-said-he-supported-invading-iraq-on-the
2017-01-21,I wasn't a fan of Iraq. I didn't want to go into Iraq.,He was for an invasion before he was against it.,https://www.buzzfeed.com/andrewkaczynski/in-2002-donald-trump-said-he-supported-invading-iraq-on-the
2017-01-21,I wasn't a fan of Iraq. I didn't want to go into Iraq.,He was for an invasion before he was against it.,https://www.buzzfeed.com/andrewkaczynski/in-2002-donald-trump-said-he-supported-invading-iraq-on-the
2017-01-21,I wasn't a fan of Iraq. I didn't want to go into Iraq.,He was for an invasion before he was against it.,https://www.buzzfeed.com/andrewkaczynski/in-2002-donald-trump-said-he-supported-invading-iraq-on-the
2017-01-21,I wasn't a fan of Iraq. I didn't want to go into Iraq.,He was for an invasion before he was against it.,https://www.buzzfeed.com/andrewkaczynski/in-2002-donald-trump-said-he-supported-invading-iraq-on-the
2017-01-21,I wasn't a fan of Iraq. I didn't want to go into Iraq.,He was for an invasion before he was against it.,https://www.buzzfeed.com/andrewkaczynski/in-2002-donald-trump-said-he-supported-invading-iraq-on-the
2017-01-21,I wasn't a fan of Iraq. I didn't want to go into Iraq.,He was for an invasion before he was against it.,https://www.buzzfeed.com/andrewkaczynski/in-2002-donald-trump-said-he-supported-invading-iraq-on-the
2017-01-21,I wasn't a fan of Iraq. I didn't want to go into Iraq.,He was for an invasion before he was against it.,https://www.buzzfeed.com/andrewkaczynski/in-2002-donald-trump-said-he-supported-invading-iraq-on-the
2017-01-21,I wasn't a fan of Iraq. I didn't want to go into Iraq.,He was for an invasion before he was against it.,https://www.buzzfeed.com/andrewkaczynski/in-2002-donald-trump-said-he-supported-invading-iraq-on-the
2017-01-21,I wasn't a fan of Iraq. I didn't want to go into Iraq.,He was for an invasion before he was against it.,https://www.buzzfeed.com/andrewkaczynski/in-2002-donald-trump-said-he-supported-invading-iraq-on-the
2017-01-21,I wasn't a fan of Iraq. I didn't want to go into Iraq.,He was for an invasion before he was against it.,https://www.buzzfeed.com/andrewkaczynski/in-2002-donald-trump-said-he-supported-invading-iraq-on-the
2017-01-21,I wasn't a fan of Iraq. I didn't want to go into Iraq.,He was for an invasion before he was against it.,https://www.buzzfeed.com/andrewkaczynski/in-2002-donald-trump-said-he-supported-invading-iraq-on-the
2017-01-21,I wasn't a fan of Iraq. I didn't want to go into Iraq.,He was for an invasion before he was against it.,https://www.buzzfeed.com/andrewkaczynski/in-2002-donald-trump-said-he-supported-invading-iraq-on-the
2017-01-21,I wasn't a fan of Iraq. I didn't want to go into Iraq.,He was for an invasion before he was against it.,https://www.buzzfeed.com/andrewkaczynski/in-2002-donald-trump-said-he-supported-invading-iraq-on-the
2017-01-21,I wasn't a fan of Iraq. I didn't want to go into Iraq.,He was for an invasion before he was against it.,https://www.buzzfeed.com/andrewkaczynski/in-2002-donald-trump-said-he-supported-invading-iraq-on-the
2017-01-21,I wasn't a fan of Iraq. I didn't want to go into Iraq.,He was for an invasion before he was against it.,https://www.buzzfeed.com/andrewkaczynski/in-2002-donald-trump-said-he-supported-invading-iraq-on-the
2017-01-21,I wasn't a fan of Iraq. I didn't want to go into Iraq.,He was for an invasion before he was against it.,https://www.buzzfeed.com/andrewkaczynski/in-2002-donald-trump-said-he-supported-invading-iraq-on-the
2017-01-21,I wasn't a fan of Iraq. I didn't want to go into Iraq.,He was for an invasion before he was against it.,https://www.buzzfeed.com/andrewkaczynski/in-2002-donald-trump-said-he-supported-invading-iraq-on-the
2017-01-21,I wasn't a fan of Iraq. I didn't want to go into Iraq.,He was for an invasion before he was against it.,https://www.buzzfeed.com/andrewkaczynski/in-2002-donald-trump-said-he-supported-invading-iraq-on-the
2017-01-21,I wasn't a fan of Iraq. I didn't want to go into Iraq.,He was for an invasion before he was against it.,https://www.buzzfeed.com/andrewkaczynski/in-2002-donald-trump-said-he-supported-invading-iraq-on-the
2017-01-21,I wasn't a fan of Iraq. I didn't want to go into Iraq.,He was for an invasion before he was against it.,https://www.buzzfeed.com/andrewkaczynski/in-2002-donald-trump-said-he-supported-invading-iraq-on-the
2017-01-21,I wasn't a fan of Iraq. I didn't want to go into Iraq.,He was for an invasion before he was against it.,https://www.buzzfeed.com/andrewkaczynski/in-2002-donald-trump-said-he-supported-invading-iraq-on-the
2017-01-21,I wasn't a fan of Iraq. I didn't want to go into Iraq.,He was for an invasion before he was against it.,https://www.buzzfeed.com/andrewkaczynski/in-2002-donald-trump-said-he-supported-invading-iraq-on-the
2017-01-21,I wasn't a fan of Iraq. I didn't want to go into Iraq.,He was for an invasion before he was against it.,https://www.buzzfeed.com/andrewkaczynski/in-2002-donald-trump-said-he-supported-invading-iraq-on-the
2017-01-21,I wasn't a fan of Iraq. I didn't want to go into Iraq.,He was for an invasion before he was against it.,https://www.buzzfeed.com/andrewkaczynski/in-2002-donald-trump-said-he-supported-invading-iraq-on-the
2017-01-21,I wasn't a fan of Iraq. I didn't want to go into Iraq.,He was for an invasion before he was against it.,https://www.buzzfeed.com/andrewkaczynski/in-2002-donald-trump-said-he-supported-invading-iraq-on-the
2017-01-21,I wasn't a fan of Iraq. I didn't want to go into Iraq.,He was for an invasion before he was against it.,https://www.buzzfeed.com/andrewkaczynski/in-2002-donald-trump-said-he-supported-invading-iraq-on-the
2017-01-21,I wasn't a fan of Iraq. I didn't want to go into Iraq.,He was for an invasion before he was against it.,https://www.buzzfeed.com/andrewkaczynski/in-2002-donald-trump-said-he-supported-invading-iraq-on-the
2017-01-21,I wasn't a fan of Iraq. I didn't want to go into Iraq.,He was for an invasion before he was against it.,https://www.buzzfeed.com/andrewkaczynski/in-2002-donald-trump-said-he-supported-invading-iraq-on-the
2017-01-21,I wasn't a fan of Iraq. I didn't want to go into Iraq.,He was for an invasion before he was against it.,https://www.buzzfeed.com/andrewkaczynski/in-2002-donald-trump-said-he-supported-invading-iraq-on-the
2017-01-21,I wasn't a fan of Iraq. I didn't want to go into Iraq.,He was for an invasion before he was against it.,https://www.buzzfeed.com/andrewkaczynski/in-2002-donald-trump-said-he-supported-invading-iraq-on-the
2017-01-21,I wasn't a fan of Iraq. I didn't want to go into Iraq.,He was for an invasion before he was against it.,https://www.buzzfeed.com/andrewkaczynski/in-2002-donald-trump-said-he-supported-invading-iraq-on-the
2017-01-21,I wasn't a fan of Iraq. I didn't want to go into Iraq.,He was for an invasion before he was against it.,https://www.buzzfeed.com/andrewkaczynski/in-2002-donald-trump-said-he-supported-invading-iraq-on-the
2017-01-21,I wasn't a fan of Iraq. I didn't want to go into Iraq.,He was for an invasion before he was against it.,https://www.buzzfeed.com/andrewkaczynski/in-2002-donald-trump-said-he-supported-invading-iraq-on-the
2017-01-21,I wasn't a fan of Iraq. I didn't want to go into Iraq.,He was for an invasion before he was against it.,https://www.buzzfeed.com/andrewkaczynski/in-2002-donald-trump-said-he-supported-invading-iraq-on-the
2017-01-21,I wasn't a fan of Iraq. I didn't want to go into Iraq.,He was for an invasion before he was against it.,https://www.buzzfeed.com/andrewkaczynski/in-2002-donald-trump-said-he-supported-invading-iraq-on-the
2017-01-21,I wasn't a fan of Iraq. I didn't want to go into Iraq.,He was for an invasion before he was against it.,https://www.buzzfeed.com/andrewkaczynski/in-2002-donald-trump-said-he-supported-invading-iraq-on-the
